Gia,Gia_m2,dienTich,chieuNgang,chieuDai,Phongngu,PhongTam,SoTang,Loai,GiayTo,TinhTrangNoiThat,Phuong,Quan,list_id
9000000000.0,257142857.14285713,35.0,3.5,10.0,3.0,4.0,5.0,"Nhà ngõ, hẻm",Đã có sổ,Khong ro,Phường Ngọc Lâm,Quận Long Biên,129628407
17600000000.0,338461538.46153843,52.0,4.4,12.0,4.0,4.0,6.0,"Nhà mặt phố, mặt tiền",Đã có sổ,Nội thất cao cấp,Phường Long Biên,Quận Long Biên,130919547
6500000000.0,212418300.65359476,30.6,7.0,4.3,3.0,4.0,5.0,"Nhà ngõ, hẻm",Đã có sổ,Nội thất đầy đủ,Phường Long Biên,Quận Long Biên,130571107
9100000000.0,216666666.66666666,42.0,3.7999,11.0,5.0,3.0,5.0,"Nhà ngõ, hẻm",Khong ro,Khong ro,Phường Thượng Thanh,Quận Long Biên,130970939
8300000000.0,251515151.5151515,33.0,3.3,10.0,5.0,3.0,5.0,"Nhà ngõ, hẻm",Đã có sổ,Nội thất đầy đủ,Phường Thạch Bàn,Quận Long Biên,131451686
13800000000.0,276000000.0,50.0,4.4,12.0,4.0,6.0,5.0,"Nhà ngõ, hẻm",Khong ro,Nội thất đầy đủ,Phường Thạch Bàn,Quận Long Biên,131552307
9000000000.0,160714285.7142857,56.0,4.4,12.0,5.0,4.0,5.0,"Nhà mặt phố, mặt tiền",Đã có sổ,Nội thất đầy đủ,Phường Bồ Đề,Quận Long Biên,132029185
10000000000.0,285714285.71428573,35.0,3.0999,12.0,3.0,4.0,5.0,"Nhà mặt phố, mặt tiền",Đã có sổ,Nội thất cao cấp,Phường Bồ Đề,Quận Long Biên,132128136
12000000000.0,171428571.42857143,70.0,4.4,12.0,4.0,4.0,4.0,"Nhà ngõ, hẻm",Đã có sổ,Nội thất cao cấp,Phường Việt Hưng,Quận Long Biên,132127194
16000000000.0,340425531.9148936,47.0,4.5,10.5,1.0,1.0,1.0,"Nhà mặt phố, mặt tiền",Đã có sổ,Hoàn thiện cơ bản,Phường Việt Hưng,Quận Long Biên,131194356
7000000000.0,194444444.44444445,36.0,3.7,12.0,4.0,3.0,4.0,"Nhà ngõ, hẻm",Đã có sổ,Nội thất đầy đủ,Phường Thạch Bàn,Quận Long Biên,128385449
13600000000.0,209230769.23076922,65.0,8.5,8.0,4.0,4.0,4.0,"Nhà ngõ, hẻm",Đã có sổ,Khong ro,Phường Long Biên,Quận Long Biên,131423027
13600000000.0,226666666.66666666,60.0,4.0,15.0,5.0,4.0,5.0,"Nhà ngõ, hẻm",Đã có sổ,Nội thất cao cấp,Phường Bồ Đề,Quận Long Biên,131444081
13000000000.0,141304347.82608697,92.0,4.5,20.3999,6.0,7.0,5.0,"Nhà ngõ, hẻm",Đã có sổ,Khong ro,Phường Đức Giang,Quận Long Biên,131932402
12850000000.0,247115384.6153846,52.0,4.4,12.0,4.0,3.0,4.0,"Nhà ngõ, hẻm",Đã có sổ,Nội thất đầy đủ,Phường Việt Hưng,Quận Long Biên,130870567
11800000000.0,256521739.13043478,46.0,3.7,12.0,3.0,3.0,3.0,Nhà phố liền kề,Đã có sổ,Nội thất đầy đủ,Phường Việt Hưng,Quận Long Biên,132113884
14000000000.0,269749518.3044316,51.9,3.5999,14.5,7.0,5.0,6.0,"Nhà ngõ, hẻm",Đã có sổ,Nội thất đầy đủ,Phường Long Biên,Quận Long Biên,131050808
9280000000.0,265142857.14285713,35.0,5.0,7.0,3.0,4.0,6.0,"Nhà ngõ, hẻm",Đã có sổ,Nội thất đầy đủ,Phường Phúc Đồng,Quận Long Biên,131703123
17900000000.0,275384615.38461536,65.0,8.0,8.0,6.0,5.0,5.0,"Nhà ngõ, hẻm",Đã có sổ,Nội thất cao cấp,Phường Long Biên,Quận Long Biên,132004626
25500000000.0,340000000.0,75.0,4.4,12.0,6.0,4.0,6.0,Nhà phố liền kề,Khong ro,Khong ro,Phường Phúc Lợi,Quận Long Biên,131864694
14200000000.0,330232558.1395349,43.0,4.0,11.0,4.0,6.0,7.0,"Nhà ngõ, hẻm",Đã có sổ,Khong ro,Phường Long Biên,Quận Long Biên,132107174
8300000000.0,212820512.82051283,39.0,4.0,10.0,6.0,4.0,5.0,"Nhà ngõ, hẻm",Đã có sổ,Nội thất cao cấp,Phường Thạch Bàn,Quận Long Biên,130137603
10200000000.0,182142857.14285713,56.0,8.1999,7.0,9.0,7.0,5.0,"Nhà ngõ, hẻm",Khong ro,Khong ro,Phường Thạch Bàn,Quận Long Biên,132106059
12000000000.0,240000000.0,50.0,4.4,12.0,3.0,5.0,7.0,Nhà phố liền kề,Đã có sổ,Nội thất cao cấp,Phường Sài Đồng,Quận Long Biên,132103083
8500000000.0,177083333.33333334,48.0,4.4,12.0,6.0,4.0,5.0,"Nhà ngõ, hẻm",Đã có sổ,Hoàn thiện cơ bản,Phường Cự Khối,Quận Long Biên,131162862
13800000000.0,230000000.0,60.0,4.4,12.0,5.0,5.0,5.0,"Nhà ngõ, hẻm",Khong ro,Khong ro,Phường Gia Thụy,Quận Long Biên,132102711
29000000000.0,228346456.69291338,127.0,12.0,12.0,8.0,7.0,7.0,"Nhà ngõ, hẻm",Đã có sổ,Nội thất cao cấp,Phường Ngọc Lâm,Quận Long Biên,131235556
7450000000.0,240322580.6451613,31.0,6.0,5.0998,2.0,3.0,5.0,"Nhà ngõ, hẻm",Đã có sổ,Nội thất đầy đủ,Phường Bồ Đề,Quận Long Biên,131614082
10000000000.0,166666666.66666666,60.0,4.4,12.0,4.0,5.0,5.0,"Nhà ngõ, hẻm",Đã có sổ,Khong ro,Phường Long Biên,Quận Long Biên,131737914
12000000000.0,214285714.2857143,56.0,4.3,12.0,3.0,2.0,3.0,"Nhà ngõ, hẻm",Đã có sổ,Khong ro,Phường Thượng Thanh,Quận Long Biên,131993579
52500000000.0,300000000.0,175.0,6.0,30.0,3.0,3.0,3.0,"Nhà ngõ, hẻm",Khong ro,Khong ro,Phường Bồ Đề,Quận Long Biên,131728993
9000000000.0,191489361.70212767,47.0,4.4,12.0,4.0,4.0,6.0,"Nhà ngõ, hẻm",Đã có sổ,Nội thất cao cấp,Phường Thạch Bàn,Quận Long Biên,128520528
11900000000.0,216363636.36363637,55.0,4.0,12.0,3.0,4.0,6.0,"Nhà ngõ, hẻm",Đã có sổ,Khong ro,Phường Long Biên,Quận Long Biên,131666821
12750000000.0,231818181.8181818,55.0,4.0,12.0,5.0,4.0,7.0,"Nhà ngõ, hẻm",Đã có sổ,Nội thất cao cấp,Phường Long Biên,Quận Long Biên,131471429
9800000000.0,181481481.4814815,54.0,4.4,12.0,3.0,4.0,6.0,"Nhà ngõ, hẻm",Đã có sổ,Khong ro,Phường Việt Hưng,Quận Long Biên,131871372
10800000000.0,158823529.4117647,68.0,4.0,17.0,4.0,4.0,5.0,"Nhà ngõ, hẻm",Đã có sổ,Nội thất cao cấp,Phường Thạch Bàn,Quận Long Biên,132096741
38000000000.0,633333333.3333334,60.0,4.0,15.0,4.0,3.0,3.0,"Nhà mặt phố, mặt tiền",Đã có sổ,Nội thất đầy đủ,Phường Bồ Đề,Quận Long Biên,128714584
16400000000.0,218666666.66666666,75.0,7.0,10.6998,4.0,3.0,4.0,"Nhà ngõ, hẻm",Đã có sổ,Nội thất đầy đủ,Phường Cự Khối,Quận Long Biên,128482398
31000000000.0,436619718.30985916,71.0,4.5998,15.3999,5.0,5.0,7.0,"Nhà mặt phố, mặt tiền",Đã có sổ,Nội thất đầy đủ,Phường Long Biên,Quận Long Biên,129297062
22500000000.0,229591836.73469388,98.0,8.0,12.3,4.0,4.0,3.0,"Nhà ngõ, hẻm",Đã có sổ,Nội thất đầy đủ,Phường Cự Khối,Quận Long Biên,120893555
11500000000.0,302631578.94736844,38.0,4.5,8.4399,3.0,3.0,6.0,"Nhà ngõ, hẻm",Đã có sổ,Khong ro,Phường Long Biên,Quận Long Biên,128955993
13900000000.0,231666666.66666666,60.0,8.0,7.5,3.0,3.0,5.0,"Nhà ngõ, hẻm",Đã có sổ,Hoàn thiện cơ bản,Phường Thạch Bàn,Quận Long Biên,127439003
20200000000.0,219565217.39130434,92.0,5.1999,17.6,4.0,3.0,4.0,"Nhà ngõ, hẻm",Đã có sổ,Hoàn thiện cơ bản,Phường Thạch Bàn,Quận Long Biên,127664560
26800000000.0,335000000.0,80.0,4.3498,18.3999,4.0,4.0,6.0,"Nhà mặt phố, mặt tiền",Đã có sổ,Hoàn thiện cơ bản,Phường Sài Đồng,Quận Long Biên,127664084
19500000000.0,300000000.0,65.0,5.0,13.0,4.0,4.0,7.0,"Nhà ngõ, hẻm",Đã có sổ,Nội thất đầy đủ,Phường Sài Đồng,Quận Long Biên,130498949
23800000000.0,457692307.6923077,52.0,4.3,12.0,4.0,4.0,6.0,"Nhà mặt phố, mặt tiền",Đã có sổ,Nội thất đầy đủ,Phường Long Biên,Quận Long Biên,130841331
42000000000.0,506024096.38554215,83.0,4.4,18.3999,4.0,3.0,2.0,"Nhà mặt phố, mặt tiền",Đã có sổ,Hoàn thiện cơ bản,Phường Long Biên,Quận Long Biên,123712579
13300000000.0,332500000.0,40.0,4.05,9.85,4.0,3.0,6.0,"Nhà ngõ, hẻm",Đã có sổ,Hoàn thiện cơ bản,Phường Long Biên,Quận Long Biên,124753719
43500000000.0,280645161.2903226,155.0,12.0,13.0,4.0,4.0,4.0,Nhà biệt thự,Đã có sổ,Nội thất đầy đủ,Phường Phúc Lợi,Quận Long Biên,131464364
44000000000.0,288524590.1639344,152.5,8.8,17.2999,3.0,3.0,4.0,Nhà phố liền kề,Đã có sổ,Bàn giao thô,Phường Việt Hưng,Quận Long Biên,131444955
8200000000.0,256250000.0,32.0,4.0,8.0,2.0,3.0,3.0,"Nhà ngõ, hẻm",Đã có sổ,Nội thất đầy đủ,Phường Long Biên,Quận Long Biên,132083730
10200000000.0,212500000.0,48.0,4.4,12.0,3.0,4.0,5.0,"Nhà ngõ, hẻm",Khong ro,Khong ro,Phường Ngọc Thụy,Quận Long Biên,132082653
11700000000.0,234000000.0,50.0,4.4,12.0,4.0,4.0,5.0,"Nhà ngõ, hẻm",Đã có sổ,Khong ro,Phường Bồ Đề,Quận Long Biên,132082596
21000000000.0,265487396.93399984,79.0998,5.0,16.0,4.0,6.0,8.0,"Nhà ngõ, hẻm",Đã có sổ,Nội thất cao cấp,Phường Long Biên,Quận Long Biên,131201136
12800000000.0,320000000.0,40.0,4.0,12.0,4.0,4.0,6.0,"Nhà ngõ, hẻm",Đã có sổ,Khong ro,Phường Bồ Đề,Quận Long Biên,131622676
12750000000.0,231818181.8181818,55.0,4.0,12.0,4.0,4.0,6.0,"Nhà ngõ, hẻm",Đã có sổ,Nội thất đầy đủ,Phường Bồ Đề,Quận Long Biên,131710953
4300000000.0,78181818.18181819,55.0,4.8699,11.3,2.0,1.0,5.0,"Nhà ngõ, hẻm",Khong ro,Khong ro,Phường Cự Khối,Quận Long Biên,131704971
25000000000.0,454545454.54545456,55.0,5.0,11.0,4.0,5.0,7.0,"Nhà mặt phố, mặt tiền",Đã có sổ,Nội thất cao cấp,Phường Gia Thụy,Quận Long Biên,130883151
7500000000.0,166666666.66666666,45.0,4.5,12.0,3.0,3.0,4.0,"Nhà ngõ, hẻm",Đã có sổ,Khong ro,Phường Việt Hưng,Quận Long Biên,132031892
12800000000.0,256000000.0,50.0,4.4,12.0,4.0,5.0,5.0,"Nhà ngõ, hẻm",Đã có sổ,Nội thất cao cấp,Phường Sài Đồng,Quận Long Biên,132035068
12500000000.0,260416666.66666666,48.0,4.4,12.0,6.0,4.0,5.0,"Nhà ngõ, hẻm",Đã có sổ,Nội thất đầy đủ,Phường Việt Hưng,Quận Long Biên,131282397
9300000000.0,169090909.0909091,55.0,4.4,12.0,4.0,4.0,5.0,"Nhà mặt phố, mặt tiền",Khong ro,Khong ro,Phường Việt Hưng,Quận Long Biên,132030447
8500000000.0,259938837.92048928,32.7,6.4,4.9,3.0,4.0,5.0,"Nhà ngõ, hẻm",Đã có sổ,Hoàn thiện cơ bản,Phường Long Biên,Quận Long Biên,132066522
28500000000.0,356250000.0,80.0,5.0,16.0,5.0,5.0,6.0,"Nhà mặt phố, mặt tiền",Đã có sổ,Nội thất đầy đủ,Phường Phúc Lợi,Quận Long Biên,124890693
8500000000.0,184782608.6956522,46.0,4.4,12.0,6.0,4.0,6.0,"Nhà mặt phố, mặt tiền",Khong ro,Nội thất đầy đủ,Phường Cự Khối,Quận Long Biên,132050114
5000000000.0,83333333.33333333,60.0,4.4,12.0,5.0,4.0,5.0,"Nhà mặt phố, mặt tiền",Khong ro,Khong ro,Phường Bồ Đề,Quận Long Biên,132011432
10800000000.0,158823529.4117647,68.0,4.4,12.0,4.0,4.0,4.0,"Nhà ngõ, hẻm",Khong ro,Khong ro,Phường Thạch Bàn,Quận Long Biên,131756849
7200000000.0,160000000.0,45.0,4.6999,9.6998,3.0,4.0,5.0,"Nhà mặt phố, mặt tiền",Đã có sổ,Nội thất đầy đủ,Phường Phúc Lợi,Quận Long Biên,132019978
12000000000.0,300000000.0,40.0,3.0999,12.0,3.0,5.0,7.0,"Nhà mặt phố, mặt tiền",Đã có sổ,Khong ro,Phường Long Biên,Quận Long Biên,132040260
16000000000.0,301886792.4528302,53.0,4.5,12.0,3.0,5.0,6.0,"Nhà ngõ, hẻm",Khong ro,Khong ro,Phường Sài Đồng,Quận Long Biên,132039613
27000000000.0,293478260.8695652,92.0,5.0,18.0,6.0,6.0,8.0,"Nhà ngõ, hẻm",Đã có sổ,Nội thất cao cấp,Phường Gia Thụy,Quận Long Biên,131995974
13900000000.0,231666666.66666666,60.0,4.4,12.0,4.0,4.0,5.0,"Nhà ngõ, hẻm",Khong ro,Khong ro,Phường Long Biên,Quận Long Biên,132038442
12680000000.0,317000000.0,40.0,4.0398,10.0,4.0,4.0,4.0,Nhà phố liền kề,Đã có sổ,Hoàn thiện cơ bản,Phường Việt Hưng,Quận Long Biên,132023684
17500000000.0,253623188.4057971,69.0,4.4,12.0,5.0,4.0,4.0,"Nhà mặt phố, mặt tiền",Khong ro,Khong ro,Phường Long Biên,Quận Long Biên,131279895
10500000000.0,223404255.31914893,47.0,4.4,12.0,5.0,4.0,5.0,"Nhà ngõ, hẻm",Khong ro,Khong ro,Phường Đức Giang,Quận Long Biên,131191440
12600000000.0,262500000.0,48.0,4.4,12.0,4.0,4.0,5.0,"Nhà mặt phố, mặt tiền",Đã có sổ,Khong ro,Phường Ngọc Thụy,Quận Long Biên,131180079
9900000000.0,198000000.0,50.0,5.0,10.0,3.0,3.0,4.0,"Nhà ngõ, hẻm",Đã có sổ,Hoàn thiện cơ bản,Phường Thạch Bàn,Quận Long Biên,130458416
41500000000.0,506097560.9756098,82.0,4.5,18.2,4.0,3.0,4.0,"Nhà mặt phố, mặt tiền",Đã có sổ,Hoàn thiện cơ bản,Phường Long Biên,Quận Long Biên,124526487
6000000000.0,120000000.0,50.0,4.4,12.0,4.0,4.0,5.0,"Nhà mặt phố, mặt tiền",Khong ro,Khong ro,Phường Bồ Đề,Quận Long Biên,132000792
5600000000.0,280000000.0,20.0,4.8,5.0,2.0,2.0,4.0,"Nhà ngõ, hẻm",Đã có sổ,Hoàn thiện cơ bản,Phường Long Biên,Quận Long Biên,132022443
8450000000.0,187777777.7777778,45.0,4.4,12.0,3.0,3.0,5.0,"Nhà mặt phố, mặt tiền",Đã có sổ,Nội thất đầy đủ,Phường Việt Hưng,Quận Long Biên,132022294
5650000000.0,182258064.51612905,31.0,3.5,8.0,3.0,4.0,5.0,"Nhà ngõ, hẻm",Đã có sổ,Nội thất đầy đủ,Phường Long Biên,Quận Long Biên,132017213
5000000000.0,156250000.0,32.0,3.5,8.0,3.0,4.0,5.0,"Nhà ngõ, hẻm",Đã có sổ,Hoàn thiện cơ bản,Phường Long Biên,Quận Long Biên,132017121
11000000000.0,220000000.0,50.0,5.1999,10.0,4.0,5.0,6.0,"Nhà ngõ, hẻm",Đã có sổ,Nội thất cao cấp,Phường Long Biên,Quận Long Biên,132017063
6000000000.0,187500000.0,32.0,4.0,8.0,3.0,4.0,5.0,"Nhà ngõ, hẻm",Đã có sổ,Nội thất cao cấp,Phường Thạch Bàn,Quận Long Biên,132016917
11000000000.0,189655172.41379312,58.0,4.4,12.0,6.0,6.0,5.0,"Nhà mặt phố, mặt tiền",Đã có sổ,Khong ro,Phường Gia Thụy,Quận Long Biên,131974716
8468000000.0,201619047.6190476,42.0,4.4,12.0,4.0,4.0,5.0,"Nhà ngõ, hẻm",Đã có sổ,Khong ro,Phường Việt Hưng,Quận Long Biên,132010359
9200000000.0,164285714.2857143,56.0,5.0,11.0,4.0,4.0,5.0,"Nhà mặt phố, mặt tiền",Đã có sổ,Nội thất đầy đủ,Phường Đức Giang,Quận Long Biên,131958854
6850000000.0,228333333.33333334,30.0,3.0,10.0,3.0,3.0,4.0,"Nhà ngõ, hẻm",Đã có sổ,Hoàn thiện cơ bản,Phường Bồ Đề,Quận Long Biên,132001655
17600000000.0,266666666.66666666,66.0,4.4,12.0,4.0,5.0,6.0,"Nhà mặt phố, mặt tiền",Đã có sổ,Nội thất đầy đủ,Phường Long Biên,Quận Long Biên,131971106
7400000000.0,164444444.44444445,45.0,4.4,12.0,3.0,4.0,5.0,"Nhà ngõ, hẻm",Đã có sổ,Khong ro,Phường Việt Hưng,Quận Long Biên,131974796
8500000000.0,283333333.3333333,30.0,3.7999,9.0,3.0,4.0,5.0,"Nhà ngõ, hẻm",Đã có sổ,Khong ro,Phường Ngọc Thụy,Quận Long Biên,131993158
11800000000.0,236000000.0,50.0,6.3,8.0,3.0,5.0,6.0,"Nhà ngõ, hẻm",Đã có sổ,Nội thất cao cấp,Phường Phúc Đồng,Quận Long Biên,131987872
13500000000.0,225000000.0,60.0,4.4,12.0,4.0,4.0,5.0,"Nhà ngõ, hẻm",Đã có sổ,Khong ro,Phường Long Biên,Quận Long Biên,131358054
8500000000.0,180851063.82978722,47.0,3.7999,9.0,3.0,4.0,5.0,"Nhà ngõ, hẻm",Đã có sổ,Hoàn thiện cơ bản,Phường Bồ Đề,Quận Long Biên,131981891
21000000000.0,338709677.41935486,62.0,4.4,12.0,4.0,4.0,5.0,"Nhà mặt phố, mặt tiền",Khong ro,Khong ro,Phường Bồ Đề,Quận Long Biên,131981274
11000000000.0,203703703.7037037,54.0,3.9,12.0,4.0,4.0,5.0,"Nhà ngõ, hẻm",Đã có sổ,Nội thất cao cấp,Phường Thượng Thanh,Quận Long Biên,131103706
8600000000.0,195454545.45454547,44.0,4.4,12.0,4.0,4.0,4.0,"Nhà ngõ, hẻm",Đã có sổ,Nội thất đầy đủ,Phường Việt Hưng,Quận Long Biên,131303250
7600000000.0,146153846.15384614,52.0,4.4,12.0,4.0,4.0,5.0,"Nhà ngõ, hẻm",Đã có sổ,Khong ro,Phường Việt Hưng,Quận Long Biên,131323830
16500000000.0,284482758.62068963,58.0,4.8,12.0,3.0,4.0,5.0,"Nhà mặt phố, mặt tiền",Đã có sổ,Khong ro,Phường Bồ Đề,Quận Long Biên,131890075
7000000000.0,107692307.6923077,65.0,4.4,12.0,5.0,5.0,5.0,"Nhà mặt phố, mặt tiền",Đã có sổ,Nội thất cao cấp,Phường Bồ Đề,Quận Long Biên,131950619
8800000000.0,129411764.70588236,68.0,4.4,12.0,4.0,4.0,4.0,"Nhà ngõ, hẻm",Đã có sổ,Khong ro,Phường Việt Hưng,Quận Long Biên,131945553
6800000000.0,151111111.1111111,45.0,3.2,14.5,3.0,4.0,4.0,"Nhà ngõ, hẻm",Đã có sổ,Hoàn thiện cơ bản,Phường Việt Hưng,Quận Long Biên,131961320
15500000000.0,221428571.42857143,70.0,7.0,12.0,11.0,4.0,8.0,Nhà biệt thự,Khong ro,Khong ro,Phường Việt Hưng,Quận Long Biên,131959427
23000000000.0,353846153.84615386,65.0,4.4,12.0,4.0,6.0,5.0,"Nhà mặt phố, mặt tiền",Đã có sổ,Khong ro,Phường Long Biên,Quận Long Biên,131955401
7000000000.0,134615384.6153846,52.0,4.4,12.0,4.0,5.0,4.0,"Nhà ngõ, hẻm",Khong ro,Khong ro,Phường Thạch Bàn,Quận Long Biên,130634568
18500000000.0,293650793.6507937,63.0,3.5999,17.2,2.0,1.0,2.0,"Nhà ngõ, hẻm",Đã có sổ,Hoàn thiện cơ bản,Phường Ngọc Thụy,Quận Long Biên,131954170
7850000000.0,142727272.72727272,55.0,3.4,16.6,3.0,4.0,5.0,"Nhà ngõ, hẻm",Đã có sổ,Nội thất đầy đủ,Phường Việt Hưng,Quận Long Biên,131942699
7900000000.0,168085106.38297874,47.0,4.1999,11.0,4.0,2.0,4.0,"Nhà ngõ, hẻm",Đã có sổ,Khong ro,Phường Ngọc Thụy,Quận Long Biên,131922421
53900000000.0,270854271.3567839,199.0,12.0,12.0,5.0,3.0,4.0,Nhà biệt thự,Đã có sổ,Hoàn thiện cơ bản,Phường Việt Hưng,Quận Long Biên,131911061
36000000000.0,562500000.0,64.0,6.6999,9.1998,2.0,4.0,3.0,"Nhà mặt phố, mặt tiền",Đã có sổ,Nội thất đầy đủ,Phường Việt Hưng,Quận Long Biên,127171113
12000000000.0,315789473.68421054,38.0,3.7999,10.0,3.0,3.0,5.0,"Nhà ngõ, hẻm",Đã có sổ,Nội thất đầy đủ,Phường Thạch Bàn,Quận Long Biên,130209609
18900000000.0,525000000.0,36.0,4.5998,7.8,3.0,3.0,5.0,"Nhà mặt phố, mặt tiền",Đã có sổ,Hoàn thiện cơ bản,Phường Thạch Bàn,Quận Long Biên,130351826
55000000000.0,277777777.7777778,198.0,12.0,16.5,4.0,4.0,4.0,Nhà biệt thự,Đã có sổ,Nội thất đầy đủ,Phường Việt Hưng,Quận Long Biên,131319869
11500000000.0,230000000.0,50.0,5.0,10.0,3.0,3.0,5.0,"Nhà ngõ, hẻm",Đã có sổ,Nội thất đầy đủ,Phường Long Biên,Quận Long Biên,131270233
34000000000.0,261538461.53846154,130.0,7.8,16.6,4.0,4.0,4.0,Nhà phố liền kề,Đã có sổ,Bàn giao thô,Phường Long Biên,Quận Long Biên,131269730
12600000000.0,280000000.0,45.0,4.4,12.0,4.0,4.0,5.0,"Nhà ngõ, hẻm",Đã có sổ,Khong ro,Phường Long Biên,Quận Long Biên,131931379
12000000000.0,206896551.72413793,58.0,4.4,12.0,5.0,4.0,6.0,"Nhà mặt phố, mặt tiền",Đã có sổ,Nội thất cao cấp,Phường Bồ Đề,Quận Long Biên,131890115
11990000000.0,226226415.0943396,53.0,4.4,12.0,4.0,4.0,5.0,"Nhà ngõ, hẻm",Đã có sổ,Nội thất cao cấp,Phường Long Biên,Quận Long Biên,131801545
11000000000.0,220000000.0,50.0,4.4,12.0,4.0,5.0,6.0,"Nhà ngõ, hẻm",Đã có sổ,Nội thất cao cấp,Phường Thạch Bàn,Quận Long Biên,131802311
8650000000.0,192222222.2222222,45.0,4.0,11.25,4.0,3.0,4.0,"Nhà ngõ, hẻm",Đã có sổ,Nội thất cao cấp,Phường Bồ Đề,Quận Long Biên,131873785
3300000000.0,71895424.8366013,45.9,4.4,12.0,2.0,2.0,1.0,"Nhà ngõ, hẻm",Đã có sổ,Bàn giao thô,Phường Cự Khối,Quận Long Biên,131623359
22000000000.0,366666666.6666667,60.0,4.4,12.0,4.0,4.0,5.0,"Nhà mặt phố, mặt tiền",Khong ro,Khong ro,Phường Long Biên,Quận Long Biên,131572356
11800000000.0,295000000.0,40.0,6.3,8.0,3.0,3.0,6.0,"Nhà mặt phố, mặt tiền",Đã có sổ,Nội thất cao cấp,Phường Sài Đồng,Quận Long Biên,131894503
9300000000.0,206666666.66666666,45.0,4.0,11.0,4.0,3.0,4.0,"Nhà ngõ, hẻm",Đã có sổ,Nội thất đầy đủ,Phường Ngọc Thụy,Quận Long Biên,131891051
18500000000.0,256944444.44444445,72.0,3.0999,25.0,4.0,4.0,4.0,"Nhà ngõ, hẻm",Khong ro,Khong ro,Phường Bồ Đề,Quận Long Biên,131709171
12500000000.0,235849056.6037736,53.0,4.4,12.0,4.0,4.0,6.0,"Nhà ngõ, hẻm",Đã có sổ,Khong ro,Phường Việt Hưng,Quận Long Biên,131200060
24000000000.0,436363636.3636364,55.0,4.5,12.25,3.0,3.0,7.0,"Nhà ngõ, hẻm",Khong ro,Khong ro,Phường Ngọc Lâm,Quận Long Biên,131887456
16300000000.0,313461538.46153843,52.0,4.0,13.0,5.0,5.0,6.0,"Nhà ngõ, hẻm",Đã có sổ,Nội thất cao cấp,Phường Bồ Đề,Quận Long Biên,131852102
13950000000.0,279000000.0,50.0,4.0,12.5,4.0,5.0,6.0,"Nhà ngõ, hẻm",Đã có sổ,Nội thất cao cấp,Phường Ngọc Thụy,Quận Long Biên,131851589
18600000000.0,248000000.0,75.0,5.0,15.0,4.0,6.0,7.0,"Nhà ngõ, hẻm",Đã có sổ,Khong ro,Phường Ngọc Lâm,Quận Long Biên,131851618
12990000000.0,196818181.8181818,66.0,4.4,12.0,4.0,4.0,6.0,"Nhà ngõ, hẻm",Đã có sổ,Khong ro,Phường Ngọc Thụy,Quận Long Biên,131878313
21600000000.0,270000000.0,80.0,5.0,12.0,4.0,5.0,6.0,"Nhà ngõ, hẻm",Đã có sổ,Khong ro,Phường Long Biên,Quận Long Biên,131709949
7500000000.0,221894147.61582133,33.7999,3.4,9.6,3.0,4.0,5.0,"Nhà ngõ, hẻm",Đã có sổ,Hoàn thiện cơ bản,Phường Bồ Đề,Quận Long Biên,131865724
8500000000.0,170000000.0,50.0,3.2999,12.3,3.0,2.0,3.0,"Nhà ngõ, hẻm",Đã có sổ,Hoàn thiện cơ bản,Phường Bồ Đề,Quận Long Biên,131865242
7450000000.0,219117647.05882353,34.0,5.0,7.0,3.0,4.0,5.0,"Nhà ngõ, hẻm",Đã có sổ,Nội thất đầy đủ,Phường Phúc Lợi,Quận Long Biên,131860241
6990000000.0,218437500.0,32.0,3.9,8.1998,3.0,3.0,4.0,"Nhà ngõ, hẻm",Đã có sổ,Nội thất đầy đủ,Phường Bồ Đề,Quận Long Biên,131846001
12300000000.0,261702127.65957448,47.0,4.4,12.0,4.0,4.0,5.0,"Nhà ngõ, hẻm",Đã có sổ,Nội thất đầy đủ,Phường Thạch Bàn,Quận Long Biên,131792819
25000000000.0,454545454.54545456,55.0,4.4,12.0,4.0,4.0,5.0,"Nhà mặt phố, mặt tiền",Khong ro,Khong ro,Phường Phúc Đồng,Quận Long Biên,131690803
8500000000.0,125000000.0,68.0,4.4,12.0,3.0,4.0,5.0,"Nhà ngõ, hẻm",Đã có sổ,Nội thất cao cấp,Phường Việt Hưng,Quận Long Biên,131727185
12800000000.0,287640449.43820226,44.5,4.0,11.0,3.0,4.0,5.0,"Nhà ngõ, hẻm",Đã có sổ,Nội thất đầy đủ,Phường Cự Khối,Quận Long Biên,131825524
10900000000.0,259523809.52380952,42.0,4.4,12.0,3.0,4.0,5.0,"Nhà ngõ, hẻm",Khong ro,Khong ro,Phường Ngọc Thụy,Quận Long Biên,131792134
16800000000.0,323076923.0769231,52.0,4.4,12.0,4.0,4.0,5.0,"Nhà mặt phố, mặt tiền",Khong ro,Khong ro,Phường Sài Đồng,Quận Long Biên,131792236
9500000000.0,215909090.9090909,44.0,4.4,12.0,4.0,4.0,4.0,"Nhà ngõ, hẻm",Đã có sổ,Khong ro,Phường Thạch Bàn,Quận Long Biên,131778639
7900000000.0,246875000.0,32.0,3.5999,9.31,3.0,4.0,5.0,"Nhà ngõ, hẻm",Đã có sổ,Nội thất đầy đủ,Phường Ngọc Thụy,Quận Long Biên,131788470
7200000000.0,232258064.51612905,31.0,4.1999,7.4,3.0,4.0,5.0,"Nhà ngõ, hẻm",Đã có sổ,Nội thất đầy đủ,Phường Bồ Đề,Quận Long Biên,131808179
10000000000.0,200000000.0,50.0,4.4,12.0,8.0,7.0,5.0,"Nhà mặt phố, mặt tiền",Đã có sổ,Khong ro,Phường Việt Hưng,Quận Long Biên,131807862
12900000000.0,307142857.14285713,42.0,4.4,12.0,3.0,4.0,6.0,"Nhà ngõ, hẻm",Đã có sổ,Nội thất đầy đủ,Phường Long Biên,Quận Long Biên,131800843
9300000000.0,193750000.0,48.0,4.4,12.0,3.0,4.0,4.0,"Nhà ngõ, hẻm",Đã có sổ,Nội thất đầy đủ,Phường Thạch Bàn,Quận Long Biên,131803605
9700000000.0,186538461.53846154,52.0,4.4,12.0,3.0,4.0,6.0,"Nhà ngõ, hẻm",Đã có sổ,Nội thất đầy đủ,Phường Phúc Đồng,Quận Long Biên,131803274
16500000000.0,351063829.78723407,47.0,4.4,12.0,3.0,4.0,5.0,"Nhà ngõ, hẻm",Khong ro,Khong ro,Phường Ngọc Thụy,Quận Long Biên,131779172
12000000000.0,181818181.8181818,66.0,5.0,12.0,4.0,4.0,5.0,"Nhà ngõ, hẻm",Khong ro,Khong ro,Phường Ngọc Thụy,Quận Long Biên,131786945
19950000000.0,280985915.4929578,71.0,4.3,16.5,4.0,5.0,7.0,"Nhà ngõ, hẻm",Đã có sổ,Nội thất cao cấp,Phường Long Biên,Quận Long Biên,130550165
12000000000.0,266666666.66666666,45.0,4.0,11.0,3.0,4.0,6.0,"Nhà ngõ, hẻm",Đã có sổ,Nội thất cao cấp,Phường Long Biên,Quận Long Biên,131575097
7000000000.0,212121212.12121212,33.0,3.5,10.0,4.0,4.0,5.0,"Nhà ngõ, hẻm",Đã có sổ,Nội thất cao cấp,Phường Long Biên,Quận Long Biên,131168613
13000000000.0,325000000.0,40.0,3.5,11.5,4.0,5.0,7.0,"Nhà ngõ, hẻm",Đã có sổ,Nội thất cao cấp,Phường Long Biên,Quận Long Biên,131055286
6000000000.0,171428571.42857143,35.0,4.0,9.0,3.0,4.0,5.0,"Nhà ngõ, hẻm",Đã có sổ,Nội thất đầy đủ,Phường Long Biên,Quận Long Biên,130289085
12000000000.0,240000000.0,50.0,4.0,12.5,4.0,4.0,6.0,"Nhà ngõ, hẻm",Đã có sổ,Nội thất đầy đủ,Phường Long Biên,Quận Long Biên,131055535
14000000000.0,197183098.5915493,71.0,4.0,18.0,5.0,5.0,5.0,"Nhà ngõ, hẻm",Đã có sổ,Nội thất đầy đủ,Phường Long Biên,Quận Long Biên,130277438
37500000000.0,288461538.46153843,130.0,9.0,14.5,5.0,4.0,5.0,Nhà biệt thự,Đã có sổ,Nội thất đầy đủ,Phường Sài Đồng,Quận Long Biên,123952277
33000000000.0,244444444.44444445,135.0,7.0,19.2,6.0,6.0,8.0,"Nhà ngõ, hẻm",Đã có sổ,Nội thất đầy đủ,Phường Cự Khối,Quận Long Biên,129525495
45000000000.0,310344827.5862069,145.0,20.0,7.3,4.0,4.0,5.0,Nhà biệt thự,Đã có sổ,Nội thất đầy đủ,Phường Thạch Bàn,Quận Long Biên,129187011
22500000000.0,244565217.39130434,92.0,7.5998,12.1,4.0,3.0,4.0,Nhà phố liền kề,Đã có sổ,Bàn giao thô,Phường Thạch Bàn,Quận Long Biên,129154366
25000000000.0,277777777.7777778,90.0,5.0,18.0,5.0,4.0,6.0,"Nhà mặt phố, mặt tiền",Đã có sổ,Nội thất đầy đủ,Phường Phúc Lợi,Quận Long Biên,128795972
25800000000.0,303529411.7647059,85.0,5.0,17.0,4.0,4.0,7.0,"Nhà ngõ, hẻm",Đã có sổ,Nội thất đầy đủ,Phường Phúc Đồng,Quận Long Biên,129509429
36000000000.0,423529411.7647059,85.0,5.0,17.0,2.0,2.0,2.0,"Nhà mặt phố, mặt tiền",Đã có sổ,Hoàn thiện cơ bản,Phường Sài Đồng,Quận Long Biên,126427196
11900000000.0,340000000.0,35.0,3.7,9.4497,4.0,3.0,6.0,"Nhà ngõ, hẻm",Đã có sổ,Nội thất đầy đủ,Phường Thạch Bàn,Quận Long Biên,128796887
45500000000.0,325000000.0,140.0,7.1999,19.3999,4.0,4.0,5.0,Nhà biệt thự,Đã có sổ,Hoàn thiện cơ bản,Phường Sài Đồng,Quận Long Biên,127183786
28500000000.0,196551724.13793105,145.0,8.0,18.0,4.0,4.0,4.0,Nhà biệt thự,Đã có sổ,Nội thất đầy đủ,Phường Thạch Bàn,Quận Long Biên,123846527
17500000000.0,312500000.0,56.0,3.9,14.3,4.0,3.0,5.0,"Nhà ngõ, hẻm",Đã có sổ,Hoàn thiện cơ bản,Phường Thạch Bàn,Quận Long Biên,124087193
18200000000.0,313793103.44827586,58.0,3.9,14.8,4.0,4.0,6.0,"Nhà ngõ, hẻm",Đã có sổ,Hoàn thiện cơ bản,Phường Bồ Đề,Quận Long Biên,127125695
9000000000.0,180000000.0,50.0,4.4,12.0,6.0,4.0,5.0,"Nhà ngõ, hẻm",Khong ro,Khong ro,Phường Phúc Đồng,Quận Long Biên,131787143
13300000000.0,221666666.66666666,60.0,6.3,9.0,4.0,5.0,6.0,"Nhà ngõ, hẻm",Đã có sổ,Khong ro,Phường Ngọc Lâm,Quận Long Biên,131753994
23000000000.0,425925925.9259259,54.0,4.4,12.0,3.0,7.0,7.0,"Nhà mặt phố, mặt tiền",Đã có sổ,Khong ro,Phường Long Biên,Quận Long Biên,131754507
22500000000.0,562500000.0,40.0,4.0,10.0,4.0,4.0,7.0,"Nhà mặt phố, mặt tiền",Khong ro,Khong ro,Phường Thạch Bàn,Quận Long Biên,131743289
10000000000.0,169491525.42372882,59.0,4.4,12.0,3.0,4.0,5.0,"Nhà ngõ, hẻm",Khong ro,Khong ro,Phường Thạch Bàn,Quận Long Biên,131773441
9400000000.0,169369369.36936936,55.5,4.4,15.1999,4.0,4.0,4.0,"Nhà ngõ, hẻm",Đã có sổ,Khong ro,Phường Việt Hưng,Quận Long Biên,131772183
11800000000.0,236000000.0,50.0,4.4,12.0,3.0,4.0,5.0,"Nhà ngõ, hẻm",Đã có sổ,Hoàn thiện cơ bản,Phường Phúc Lợi,Quận Long Biên,131769736
7800000000.0,105405405.4054054,74.0,4.4,12.0,3.0,4.0,5.0,"Nhà ngõ, hẻm",Khong ro,Khong ro,Phường Sài Đồng,Quận Long Biên,131419617
25000000000.0,195312500.0,128.0,4.5,28.7,3.0,4.0,3.0,"Nhà ngõ, hẻm",Đã có sổ,Nội thất đầy đủ,Phường Giang Biên,Quận Long Biên,131054022
8250000000.0,183333333.33333334,45.0,4.0998,12.0,3.0,4.0,5.0,"Nhà ngõ, hẻm",Đã có sổ,Nội thất đầy đủ,Phường Bồ Đề,Quận Long Biên,131716158
14300000000.0,286000000.0,50.0,4.0998,12.0,3.0,4.0,6.0,"Nhà ngõ, hẻm",Đã có sổ,Hoàn thiện cơ bản,Phường Bồ Đề,Quận Long Biên,131715585
11000000000.0,215686274.50980392,51.0,4.3,12.0,4.0,3.0,4.0,"Nhà ngõ, hẻm",Đã có sổ,Khong ro,Phường Bồ Đề,Quận Long Biên,131729082
19500000000.0,336206896.55172414,58.0,4.4,12.0,4.0,4.0,5.0,"Nhà mặt phố, mặt tiền",Khong ro,Khong ro,Phường Long Biên,Quận Long Biên,131620366
6980000000.0,218125000.0,32.0,5.0,6.0,1.0,1.0,2.0,"Nhà ngõ, hẻm",Đã có sổ,Hoàn thiện cơ bản,Phường Bồ Đề,Quận Long Biên,131742687
8100000000.0,162000000.0,50.0,4.4,12.0,5.0,5.0,5.0,"Nhà ngõ, hẻm",Khong ro,Khong ro,Phường Phúc Lợi,Quận Long Biên,131595221
11950000000.0,265555555.55555555,45.0,4.0798,11.0,4.0,4.0,5.0,"Nhà ngõ, hẻm",Đã có sổ,Hoàn thiện cơ bản,Phường Thạch Bàn,Quận Long Biên,124625248
33000000000.0,370786516.85393256,89.0,4.5,17.8999,6.0,4.0,7.0,"Nhà mặt phố, mặt tiền",Đã có sổ,Hoàn thiện cơ bản,Phường Long Biên,Quận Long Biên,126832011
18200000000.0,505555555.5555556,36.0,4.1999,8.5,3.0,4.0,6.0,"Nhà ngõ, hẻm",Đã có sổ,Nội thất đầy đủ,Phường Phúc Đồng,Quận Long Biên,130671377
54500000000.0,454166666.6666667,120.0,9.5,12.6,4.0,5.0,8.0,"Nhà ngõ, hẻm",Đã có sổ,Nội thất đầy đủ,Phường Phúc Đồng,Quận Long Biên,130671767
21500000000.0,430000000.0,50.0,4.5998,10.8599,4.0,4.0,7.0,"Nhà ngõ, hẻm",Đã có sổ,Nội thất đầy đủ,Phường Thạch Bàn,Quận Long Biên,130670388
46000000000.0,460000000.0,100.0,5.0,16.6,4.0,4.0,6.0,"Nhà ngõ, hẻm",Đã có sổ,Nội thất đầy đủ,Phường Thạch Bàn,Quận Long Biên,130654676
16500000000.0,305555555.5555556,54.0,4.0,13.5,3.0,3.0,6.0,"Nhà ngõ, hẻm",Đã có sổ,Nội thất đầy đủ,Phường Sài Đồng,Quận Long Biên,130075588
19950000000.0,280985915.4929578,71.0,4.3,16.5,4.0,4.0,6.0,"Nhà ngõ, hẻm",Đã có sổ,Nội thất đầy đủ,Phường Long Biên,Quận Long Biên,130584453
25900000000.0,462500000.0,56.0,4.3,13.0,4.0,4.0,8.0,"Nhà mặt phố, mặt tiền",Đã có sổ,Nội thất đầy đủ,Phường Việt Hưng,Quận Long Biên,130584034
33000000000.0,370786516.85393256,89.0,4.5,19.5,5.0,5.0,7.0,"Nhà mặt phố, mặt tiền",Đã có sổ,Nội thất đầy đủ,Phường Long Biên,Quận Long Biên,124341093
8700000000.0,241666666.66666666,36.0,3.2999,10.8999,3.0,3.0,5.0,"Nhà ngõ, hẻm",Đã có sổ,Hoàn thiện cơ bản,Phường Long Biên,Quận Long Biên,130582815
28500000000.0,380000000.0,75.0,4.4,17.0,3.0,3.0,4.0,"Nhà mặt phố, mặt tiền",Đã có sổ,Hoàn thiện cơ bản,Phường Sài Đồng,Quận Long Biên,126438916
28500000000.0,197916666.66666666,144.0,8.0,18.0,5.0,4.0,4.0,Nhà biệt thự,Đã có sổ,Nội thất đầy đủ,Phường Thạch Bàn,Quận Long Biên,123958083
33000000000.0,471428571.4285714,70.0,4.3,16.2,4.0,3.0,4.0,"Nhà mặt phố, mặt tiền",Đã có sổ,Hoàn thiện cơ bản,Phường Bồ Đề,Quận Long Biên,125010972
45500000000.0,325000000.0,140.0,7.1999,19.3999,4.0,4.0,5.0,Nhà biệt thự,Đã có sổ,Khong ro,Phường Sài Đồng,Quận Long Biên,127183225
7000000000.0,212121212.12121212,33.0,5.0,5.8,3.0,3.0,4.0,"Nhà ngõ, hẻm",Đã có sổ,Nội thất đầy đủ,Phường Cự Khối,Quận Long Biên,126696642
11900000000.0,264444444.44444445,45.0,4.0998,10.8999,3.0,3.0,5.0,"Nhà ngõ, hẻm",Đã có sổ,Nội thất đầy đủ,Phường Thạch Bàn,Quận Long Biên,125421092
22500000000.0,250000000.0,90.0,7.5998,11.8,4.0,3.0,5.0,Nhà biệt thự,Đã có sổ,Bàn giao thô,Phường Thạch Bàn,Quận Long Biên,124487089
8900000000.0,296666666.6666667,30.0,4.1999,7.1399,3.0,3.0,6.0,"Nhà ngõ, hẻm",Đã có sổ,Nội thất đầy đủ,Phường Long Biên,Quận Long Biên,128768032
18800000000.0,335714285.71428573,56.0,4.0998,13.6,4.0,4.0,6.0,"Nhà ngõ, hẻm",Đã có sổ,Nội thất đầy đủ,Phường Thạch Bàn,Quận Long Biên,128754111
8500000000.0,265625000.0,32.0,4.5,7.0998,3.0,3.0,5.0,"Nhà ngõ, hẻm",Đã có sổ,Nội thất đầy đủ,Phường Long Biên,Quận Long Biên,129005085
56500000000.0,313888888.8888889,180.0,12.0,15.0,4.0,4.0,4.0,Nhà biệt thự,Đã có sổ,Nội thất đầy đủ,Phường Sài Đồng,Quận Long Biên,129012511
14000000000.0,388888888.8888889,36.0,4.4,10.0,4.0,4.0,7.0,"Nhà ngõ, hẻm",Đã có sổ,Nội thất cao cấp,Phường Ngọc Lâm,Quận Long Biên,131714403
16300000000.0,250769230.76923078,65.0,5.0,13.0,7.0,5.0,5.0,"Nhà ngõ, hẻm",Khong ro,Nội thất đầy đủ,Phường Phúc Lợi,Quận Long Biên,131703932
41000000000.0,301470588.2352941,136.0,8.0,17.0,6.0,4.0,4.0,Nhà phố liền kề,Đã có sổ,Bàn giao thô,Phường Thạch Bàn,Quận Long Biên,131703576
9900000000.0,152307692.30769232,65.0,4.1999,12.0,4.0,3.0,5.0,"Nhà ngõ, hẻm",Đã có sổ,Hoàn thiện cơ bản,Phường Bồ Đề,Quận Long Biên,131701338
15000000000.0,245901639.3442623,61.0,4.0,12.0,3.0,4.0,6.0,"Nhà ngõ, hẻm",Đã có sổ,Nội thất đầy đủ,Phường Long Biên,Quận Long Biên,127886469
12500000000.0,312500000.0,40.0,4.0,10.0,4.0,5.0,5.0,"Nhà ngõ, hẻm",Đã có sổ,Nội thất cao cấp,Phường Long Biên,Quận Long Biên,131681935
12750000000.0,255000000.0,50.0,4.0,12.5,3.0,5.0,4.0,"Nhà ngõ, hẻm",Đã có sổ,Hoàn thiện cơ bản,Phường Bồ Đề,Quận Long Biên,131679926
15500000000.0,387500000.0,40.0,4.0,12.0,4.0,5.0,7.0,"Nhà ngõ, hẻm",Khong ro,Khong ro,Phường Long Biên,Quận Long Biên,131638126
12800000000.0,304761904.7619048,42.0,4.4,12.0,4.0,4.0,6.0,Nhà biệt thự,Đã có sổ,Hoàn thiện cơ bản,Phường Phúc Lợi,Quận Long Biên,131651958
9000000000.0,180000000.0,50.0,4.4,12.0,4.0,4.0,5.0,"Nhà ngõ, hẻm",Khong ro,Khong ro,Phường Long Biên,Quận Long Biên,131655454
12750000000.0,255000000.0,50.0,4.0,12.5,3.0,4.0,4.0,"Nhà mặt phố, mặt tiền",Đã có sổ,Khong ro,Phường Ngọc Thụy,Quận Long Biên,131670336
12900000000.0,234545454.54545453,55.0,4.1999,12.0,5.0,4.0,5.0,"Nhà ngõ, hẻm",Đã có sổ,Khong ro,Phường Long Biên,Quận Long Biên,131666480
10400000000.0,208000000.0,50.0,4.4,12.0,5.0,5.0,5.0,"Nhà ngõ, hẻm",Đã có sổ,Khong ro,Phường Bồ Đề,Quận Long Biên,131609457
27230000000.0,350000000.0,77.8,7.9,11.0,1.0,4.0,5.0,"Nhà mặt phố, mặt tiền",Đã có sổ,Khong ro,Phường Cự Khối,Quận Long Biên,131638308
6950000000.0,126825048.95081925,54.7999,4.0,12.0,2.0,1.0,1.0,"Nhà ngõ, hẻm",Đã có sổ,Khong ro,Phường Phúc Lợi,Quận Long Biên,131634030
8800000000.0,135384615.3846154,65.0,4.4,12.0,4.0,4.0,5.0,"Nhà ngõ, hẻm",Đã có sổ,Khong ro,Phường Thượng Thanh,Quận Long Biên,131633199
14750000000.0,433823529.4117647,34.0,3.4,10.0,3.0,5.0,6.0,"Nhà ngõ, hẻm",Đã có sổ,Nội thất đầy đủ,Phường Bồ Đề,Quận Long Biên,131653151
14750000000.0,433823529.4117647,34.0,3.4,10.0,3.0,4.0,6.0,"Nhà mặt phố, mặt tiền",Đã có sổ,Khong ro,Phường Ngọc Thụy,Quận Long Biên,131650288
20600000000.0,234090909.0909091,88.0,7.3,12.05,4.0,4.0,5.0,Nhà phố liền kề,Đã có sổ,Khong ro,Phường Thượng Thanh,Quận Long Biên,131641342
6400000000.0,168421052.63157895,38.0,4.0,9.0,3.0,4.0,5.0,"Nhà ngõ, hẻm",Đã có sổ,Nội thất cao cấp,Phường Long Biên,Quận Long Biên,131635443
11000000000.0,220000000.0,50.0,4.4,12.0,3.0,4.0,5.0,"Nhà ngõ, hẻm",Đã có sổ,Nội thất đầy đủ,Phường Thạch Bàn,Quận Long Biên,129982114
7500000000.0,100000000.0,75.0,6.0,12.0,6.0,4.0,3.0,"Nhà ngõ, hẻm",Đã có sổ,Khong ro,Phường Sài Đồng,Quận Long Biên,131590143
8100000000.0,180000000.0,45.0,4.4,12.0,3.0,4.0,5.0,"Nhà ngõ, hẻm",Khong ro,Khong ro,Phường Ngọc Thụy,Quận Long Biên,131608437
9600000000.0,213333333.33333334,45.0,4.4,12.0,3.0,4.0,5.0,"Nhà ngõ, hẻm",Khong ro,Khong ro,Phường Long Biên,Quận Long Biên,131579068
10400000000.0,189090909.0909091,55.0,6.0,9.0,4.0,5.0,6.0,"Nhà ngõ, hẻm",Đã có sổ,Nội thất đầy đủ,Phường Thạch Bàn,Quận Long Biên,131606971
11000000000.0,275000000.0,40.0,3.5,12.0,4.0,4.0,6.0,"Nhà ngõ, hẻm",Đã có sổ,Nội thất đầy đủ,Phường Long Biên,Quận Long Biên,131603595
11000000000.0,207547169.81132075,53.0,3.5,12.0,6.0,4.0,5.0,"Nhà ngõ, hẻm",Đã có sổ,Nội thất đầy đủ,Phường Long Biên,Quận Long Biên,128892675
13500000000.0,225000000.0,60.0,8.0,7.5,10.0,4.0,6.0,"Nhà ngõ, hẻm",Đã có sổ,Nội thất đầy đủ,Phường Thạch Bàn,Quận Long Biên,131597014
14500000000.0,290000000.0,50.0,4.3,12.0,3.0,5.0,6.0,"Nhà ngõ, hẻm",Khong ro,Khong ro,Phường Bồ Đề,Quận Long Biên,131564275
45900000000.0,421100917.43119264,109.0,5.0,21.7999,4.0,4.0,5.0,"Nhà ngõ, hẻm",Đã có sổ,Bàn giao thô,Phường Phúc Lợi,Quận Long Biên,130928928
14900000000.0,270909090.90909094,55.0,4.4,12.0,4.0,5.0,7.0,"Nhà ngõ, hẻm",Đã có sổ,Khong ro,Phường Bồ Đề,Quận Long Biên,131572759
6750000000.0,217741935.48387095,31.0,3.0,10.0,3.0,4.0,5.0,"Nhà ngõ, hẻm",Đã có sổ,Nội thất đầy đủ,Phường Việt Hưng,Quận Long Biên,131546527
6750000000.0,135000000.0,50.0,4.4,12.0,3.0,4.0,5.0,"Nhà ngõ, hẻm",Khong ro,Khong ro,Phường Việt Hưng,Quận Long Biên,131546455
9000000000.0,225000000.0,40.0,4.0998,10.0,3.0,3.0,4.0,"Nhà ngõ, hẻm",Đã có sổ,Nội thất đầy đủ,Phường Long Biên,Quận Long Biên,131546049
19900000000.0,355357142.85714287,56.0,4.0,14.0,4.0,4.0,7.0,"Nhà ngõ, hẻm",Đã có sổ,Khong ro,Phường Cự Khối,Quận Long Biên,131511751
14500000000.0,283203125.0,51.2,3.5,14.6499,3.0,3.0,4.0,"Nhà ngõ, hẻm",Đã có sổ,Nội thất đầy đủ,Phường Đức Giang,Quận Long Biên,131536502
18500000000.0,411111111.1111111,45.0,4.4,12.0,3.0,4.0,7.0,Nhà phố liền kề,Đã có sổ,Khong ro,Phường Bồ Đề,Quận Long Biên,131520350
19900000000.0,355357142.85714287,56.0,4.0,14.0,4.0,4.0,7.0,"Nhà ngõ, hẻm",Đã có sổ,Khong ro,Phường Cự Khối,Quận Long Biên,131510992
10500000000.0,218750000.0,48.0,3.5,13.6997,3.0,3.0,4.0,"Nhà ngõ, hẻm",Đã có sổ,Hoàn thiện cơ bản,Phường Thạch Bàn,Quận Long Biên,130402052
8100000000.0,231428571.42857143,35.0,4.4,9.8999,3.0,4.0,5.0,"Nhà ngõ, hẻm",Đã có sổ,Hoàn thiện cơ bản,Phường Cự Khối,Quận Long Biên,131448276
23700000000.0,316000000.0,75.0,5.0,15.0,3.0,4.0,8.0,"Nhà ngõ, hẻm",Đã có sổ,Khong ro,Phường Gia Thụy,Quận Long Biên,131436708
19500000000.0,414893617.0212766,47.0,4.4,12.0,5.0,4.0,8.0,"Nhà ngõ, hẻm",Đã có sổ,Nội thất cao cấp,Phường Bồ Đề,Quận Long Biên,131389327
70000000000.0,271633682.57663953,257.7,14.0,21.0,4.0,3.0,5.0,"Nhà ngõ, hẻm",Đã có sổ,Khong ro,Phường Đức Giang,Quận Long Biên,131373262
9500000000.0,190000000.0,50.0,5.0,12.0,5.0,3.0,5.0,"Nhà ngõ, hẻm",Khong ro,Khong ro,Phường Long Biên,Quận Long Biên,131330150
20600000000.0,234090909.0909091,88.0,7.3,12.05,5.0,4.0,6.0,"Nhà mặt phố, mặt tiền",Đã có sổ,Hoàn thiện cơ bản,Phường Thượng Thanh,Quận Long Biên,131169269
8900000000.0,171153846.15384614,52.0,4.4,12.0,3.0,2.0,3.0,"Nhà ngõ, hẻm",Đã có sổ,Nội thất đầy đủ,Phường Phúc Lợi,Quận Long Biên,131219886
18000000000.0,450000000.0,40.0,3.5199,12.0,3.0,4.0,5.0,"Nhà mặt phố, mặt tiền",Khong ro,Khong ro,Phường Bồ Đề,Quận Long Biên,131191172
15500000000.0,258333333.33333334,60.0,4.4,12.0,4.0,4.0,5.0,"Nhà mặt phố, mặt tiền",Khong ro,Khong ro,Phường Phúc Lợi,Quận Long Biên,131075854
9200000000.0,184000000.0,50.0,4.4,12.0,4.0,4.0,6.0,"Nhà ngõ, hẻm",Khong ro,Khong ro,Phường Phúc Lợi,Quận Long Biên,131075651
9000000000.0,169811320.754717,53.0,4.4,12.0,3.0,2.0,3.0,"Nhà ngõ, hẻm",Đã có sổ,Hoàn thiện cơ bản,Phường Phúc Lợi,Quận Long Biên,131085796
10300000000.0,234090909.0909091,44.0,4.4,12.0,3.0,4.0,5.0,"Nhà ngõ, hẻm",Khong ro,Khong ro,Phường Phúc Lợi,Quận Long Biên,131078033
9600000000.0,208695652.17391303,46.0,4.4,12.0,4.0,5.0,6.0,"Nhà ngõ, hẻm",Đã có sổ,Hoàn thiện cơ bản,Phường Phúc Lợi,Quận Long Biên,131037321
